{
    "available_space": true,
    "id": "m",
    "size_max": 36.089120864868164,
    "size_mean": 10.138892866435803,
    "size_min": 0.4169321060180664,
    "total_size": 963.1948223114014
}