{
    "available_space": true,
    "id": "m",
    "size_max": 36.089120864868164,
    "size_mean": 10.100842396418253,
    "size_min": 0.4169321060180664,
    "total_size": 969.6808700561523
}