{
    "available_space": true,
    "id": "m",
    "size_max": 36.089120864868164,
    "size_mean": 10.204200653319663,
    "size_min": 0.4169321060180664,
    "total_size": 959.1948614120483
}