{
    "available_space": true,
    "size_max": 36.089120864868164,
    "size_mean": 10.204200653319663,
    "size_min": 0.4169321060180664,
    "total_size": 959.1948614120483,
    "video_list": {
        "'Margarita se llama mi amor'-mDxSmEtkG9w.mp4": {
            "size": 5.937765121459961
        },
        "MAKILADORAS - Niemand Weet Wat De Toekomst Brengt-ynDdMg1vgiw.mp4": {
            "size": 24.236260414123535
        },
        "MARCA REGISTRADA _ SIGAN ATENTOS (2020)-nrLYljedMXE.mp4": {
            "size": 16.50238800048828
        },
        "MERCEDES SOSA - Soy pan, soy paz, soy m\u00e1s (HD)-0SL6BEgaFIU.mp4": {
            "size": 16.19358730316162
        },
        "MGMT - Little Dark Age (Video)-rtL5oMyBHPs.mp4": {
            "size": 17.133519172668457
        },
        "MGMT - Time To Pretend-B9dSYgd5Elk.mp4": {
            "size": 20.82405948638916
        },
        "MIKE GLC - LETTER TO MY GIRLFRIEND VIDEO-deoiMMOtotI.mp4": {
            "size": 12.99716567993164
        },
        "MISFITS - London Dungeon (audio with lyrics)-KLCvMGLTEaM.mp4": {
            "size": 6.3434858322143555
        },
        "MUNICIPAL WASTE - You're Cut Off (OFFICIAL MUSIC VIDEO)-rtOyqrNPzsY.mp4": {
            "size": 7.196507453918457
        },
        "Made of Stone - Tied to Me (lyrics)-qG8hffqK88E.mp4": {
            "size": 14.345734596252441
        },
        "Madness - One Step Beyond (Official Video)-SOJSM46nWwo.mp4": {
            "size": 11.92444896697998
        },
        "Maia - Pa' Lante (Cover Audio)-EHcK5mZ2xHI.mp4": {
            "size": 4.325628280639648
        },
        "Mal\u00fa - Blanco Y Negro (Videoclip)-cbYp1ZB5cGg.mp4": {
            "size": 12.624706268310547
        },
        "Mal\u00fa - Te Conozco Desde Siempre (Letra)---3BWPJTMNA.mp4": {
            "size": 8.855884552001953
        },
        "Mamou Sidibe - Donsow-iK7dq60pl8g.mp4": {
            "size": 23.28286838531494
        },
        "Mandato Divino-XjdqpFPT57o.mp4": {
            "size": 4.737979888916016
        },
        "Manu Chao - Circo Caliente-xoopEW7H4ic.mp4": {
            "size": 7.688357353210449
        },
        "Manu Chao - D\u00eda Luna...Di\u00e1 Pena-fizb82pfvIM.mp4": {
            "size": 3.6052207946777344
        },
        "Manu Chao - El Contragolpe-FEtbPI9Pu6I.mp4": {
            "size": 14.029680252075195
        },
        "Manu Chao - Giramundo (Estacion Mexico)-pKfhaCfZkfE.mp4": {
            "size": 12.35495376586914
        },
        "Manu Chao - Me Quedo Contigo (Si me das a elegir)-1JMrxyv8B_8.mp4": {
            "size": 10.266647338867188
        },
        "Manu Chao - Mr. Bobby-CiuBJI9pZxg.mp4": {
            "size": 7.721952438354492
        },
        "Manu Chao - Por ti (Libertad).-Z6waSGV8dSk.mp4": {
            "size": 4.536795616149902
        },
        "Marca MP - Ya Acab\u00f3 (En Vivo)-fG4K_a_B0DE.mp4": {
            "size": 13.289183616638184
        },
        "Marcos Brunet - Llevame a Tu Casa-oYcHgFngLKw.mp4": {
            "size": 22.136387825012207
        },
        "Mariachi Sol de Mexico (Maria Madrugada)-PQbv0NVIf2k.mp4": {
            "size": 9.324772834777832
        },
        "Mariconatico-FhEUGT7zE8Q.mp4": {
            "size": 7.944270133972168
        },
        "Marigold-Brv-lCLttyg.mp4": {
            "size": 3.043394088745117
        },
        "Mariya Takeuchi \u7af9\u5185 \u307e\u308a\u3084 Plastic Love-3bNITQR4Uso.mp4": {
            "size": 11.110018730163574
        },
        "Maroon 5 - Love Somebody (Official Music Video)-MU8B4XDI3Uw.mp4": {
            "size": 12.335220336914062
        },
        "Maroon 5 - One More Night (Official Music Video)-fwK7ggA3-bU.mp4": {
            "size": 14.204259872436523
        },
        "Mas Guapa Que Cualquiera - Joaquin Sabina, Andres Calamaro & Fito Paez-JnBiwgvxu4g.mp4": {
            "size": 5.213310241699219
        },
        "Me Lo Paso Por El Culo-ZEcyB4jLYKo.mp4": {
            "size": 0.4169321060180664
        },
        "Me Reflejo en Ti-xjhir8eZtFw.mp4": {
            "size": 5.259283065795898
        },
        "Me Tienes-Pesado-EgKTUwI7kUI.mp4": {
            "size": 5.805904388427734
        },
        "Meat Is Murder (2011 Remaster)-eviyEJRZX30.mp4": {
            "size": 13.765302658081055
        },
        "Mecano - Naturaleza Muerta (Videoclip.)-jW3mqNdw8BQ.mp4": {
            "size": 12.895623207092285
        },
        "Medalla de cart\u00f3n-Z9jETAkiM5I.mp4": {
            "size": 8.476469993591309
        },
        "Mejor Solo-UL63NIXOTK4.mp4": {
            "size": 3.642209053039551
        },
        "Melodic Meal-8F1zdftbuK4.mp4": {
            "size": 2.1727256774902344
        },
        "Metallica - All Nightmare Long (Official Music Video)-EFqjDXy9s5A.mp4": {
            "size": 34.60705280303955
        },
        "Metallica - Damage, Inc. (HD)-h7e9Ww_wowU.mp4": {
            "size": 9.432600975036621
        },
        "Metallica - Leper Messiah (HD)-NgRs4DCpLKs.mp4": {
            "size": 8.6264066696167
        },
        "Metallica - The Day That Never Comes (Official Music Video)-dkNfNR1WYMY.mp4": {
            "size": 24.29889678955078
        },
        "Metiendo Sal En La Llaga-dZWLerxUsh0.mp4": {
            "size": 2.3807525634765625
        },
        "Mezclando pasiones - Estigi\u00e4   (Jam\u00e1s el ojo humano contempl\u00f3 tanto dolor)-n7lHiKaXglA.mp4": {
            "size": 2.164012908935547
        },
        "Mi Adoraci\u00f3n - Con Cantos de Libertad-nnzMpkVRkX4.mp4": {
            "size": 14.01301097869873
        },
        "Mi Consentida-7gpUN4XX8Gw.mp4": {
            "size": 3.8287181854248047
        },
        "Mi Huerfano Alazan-58AdDT5F14A.mp4": {
            "size": 1.8996458053588867
        },
        "Mi nueva canci\u00f3n-oJCece6tA-w.mp4": {
            "size": 4.917353630065918
        },
        "Miles to Memphis-ypDzOQsYyPM.mp4": {
            "size": 6.870928764343262
        },
        "Miley Cyrus - When I Look At You (Lyrics) \ud83c\udfb5-ddu2uXp9h3o.mp4": {
            "size": 13.333483695983887
        },
        "Mimosas Y Acacias-CqqdhB_xdEw.mp4": {
            "size": 16.730003356933594
        },
        "Miranda That Ghost Just Isn't Holy Anymore-1ekQWISrSxE.mp4": {
            "size": 23.68789005279541
        },
        "Mireya-nYvbEJ1DUhw.mp4": {
            "size": 7.160883903503418
        },
        "Miro la ventana (Neurastenia con Robe)-6W3C_zf4Xlw.mp4": {
            "size": 4.782134056091309
        },
        "Miserlou-mKpsuGMeqHI.mp4": {
            "size": 3.4336719512939453
        },
        "Misfits - American Psycho-OzYdMSAkGqA.mp4": {
            "size": 10.77607250213623
        },
        "Misfits - Dig Up Her Bones (Official Video)-lgSLz5FeXUg.mp4": {
            "size": 14.11547565460205
        },
        "Miuzi Weighs A Ton-UMv5R2ioitU.mp4": {
            "size": 12.096221923828125
        },
        "Mi\u00f1a terra galega (Sweet Home Alabama)-FqocsS2KCIg.mp4": {
            "size": 7.776248931884766
        },
        "Mobster Paradise Letra-qOOAAxkNEKc.mp4": {
            "size": 13.192566871643066
        },
        "Morat - Amor Con Hielo-1P5eDa_Kn2M.mp4": {
            "size": 14.949336051940918
        },
        "Mot\u00f6rhead - Built For Speed-8a1m9jUNJsk.mp4": {
            "size": 10.611714363098145
        },
        "Mounts and Mountains-WPxgaEeY2cg.mp4": {
            "size": 9.025530815124512
        },
        "Mr. Jack-J3XnZyz__oU.mp4": {
            "size": 3.707217216491699
        },
        "Muere en paz-OR5fi0-OzXs.mp4": {
            "size": 4.602797508239746
        },
        "Mujer Bonita-KMkfO7rAPmI.mp4": {
            "size": 3.2979726791381836
        },
        "Muse - Bliss-eMqsWc8muj8.mp4": {
            "size": 17.543643951416016
        },
        "Muse - Plug In Baby (Official Video)-dbB-mICjkQM.mp4": {
            "size": 12.98905086517334
        },